{
    "Ar36": {
        "error": 0.00029549892217628243, 
        "fit": "Linear", 
        "value": 0.011403774056588416
    }, 
    "Ar37": {
        "error": 0.004736319202104915, 
        "fit": "linear", 
        "value": 0.055853158001409824
    }, 
    "Ar38": {
        "error": 0.010455300286477419, 
        "fit": "linear", 
        "value": 0.1964300494925459
    }, 
    "Ar39": {
        "error": 0.013262092103805174, 
        "fit": "Linear", 
        "value": 4.2532809259211835
    }, 
    "Ar40": {
        "error": 0.012726017657876674, 
        "fit": "Linear", 
        "value": 20.308882329875384
    }, 
    "Ar41": {
        "error": 0.005782476914150269, 
        "fit": "Average", 
        "value": 0.07141612135500953
    }
}