{
    "Ar36": {
        "error": 0.0002806364277356868, 
        "fit": "Linear", 
        "value": 0.01138231949915123
    }, 
    "Ar37": {
        "error": 0.004402923293472016, 
        "fit": "linear", 
        "value": -0.017325599244990622
    }, 
    "Ar38": {
        "error": 0.011433523426818193, 
        "fit": "linear", 
        "value": 0.5370215070897472
    }, 
    "Ar39": {
        "error": 0.014292034472119238, 
        "fit": "Linear", 
        "value": 24.88780158998201
    }, 
    "Ar40": {
        "error": 0.0437155215095364, 
        "fit": "Linear", 
        "value": 460.5186277911371
    }, 
    "Ar41": {
        "error": 0.005196368355127783, 
        "fit": "Average", 
        "value": 0.1157420896951727
    }
}