{
    "AX": {
        "error": 0.008774427473070187, 
        "fit": "average", 
        "value": 0.05078764094735987
    }, 
    "CDD": {
        "error": 6.274215100096125e-06, 
        "fit": "average", 
        "value": 1.7514449627782684e-05
    }, 
    "H1": {
        "error": 0.006080289703881312, 
        "fit": "average", 
        "value": -0.035122263574859855
    }, 
    "H2": {
        "error": 0.007630183764226322, 
        "fit": "average", 
        "value": 0.07373594126995348
    }, 
    "L1": {
        "error": 0.007355989042871769, 
        "fit": "average", 
        "value": 0.12302889567565911
    }, 
    "L2": {
        "error": 0.0030732061386631072, 
        "fit": "average", 
        "value": -0.007909061745557675
    }
}